symbol,change_pct,prev_close,price,MA_diff,RSI,RSI_delta,2025-11-05 16:00
A,0.5,14608,14677,2.3,66,1
AA,1.4,3526,3574,-4.0,48,2
AAL,6.1,1265,1342,7.0,59,8
AAON,3.9,8993,9346,-6.9,43,7
AAP,1.2,4809,4866,-7.7,37,2
AAPL,0.0,27004,27014,3.7,65,0
ABBV,0.4,21589,21677,-4.2,38,1
ABNB,0.1,12235,12250,-2.0,43,0
ABT,-1.0,12580,12454,-2.5,36,-4
ACGL,0.1,8747,8755,-0.5,53,0
ACHC,0.1,2066,2068,-11.1,26,0
ACI,1.0,1730,1748,-5.2,38,4
ACM,1.1,13081,13221,0.0,53,5
ACN,2.0,24290,24782,0.7,57,6
ADBE,0.1,33535,33553,-2.2,43,0
ADC,0.2,7234,7245,-1.7,45,1
ADI,2.9,22938,23600,-0.7,47,12
ADM,-6.4,6012,5629,-8.4,20,-15
ADP,0.1,25922,25957,-5.9,23,1
ADSK,0.0,30086,30095,-1.6,42,0
ADT,0.5,808,811,-5.6,36,1
AEE,-0.6,10191,10128,-2.4,41,-4
AEP,-0.4,12030,11976,1.4,63,-3
AES,5.8,1344,1422,-0.5,54,17
AFG,2.8,13150,13518,1.2,56,11
AFL,2.2,10881,11124,2.6,68,8
AFRM,0.2,7141,7152,-1.7,42,0
AGCO,2.0,10469,10677,-0.3,52,7
AGNC,0.6,1018,1024,1.6,63,2
AGO,-0.1,8203,8192,0.6,53,0
AIG,-5.4,8070,7631,-3.8,39,-23
AIQ,1.1,5156,5212,1.2,53,4
AIZ,1.7,21460,21831,2.5,62,8
AJG,-1.5,25170,24805,-10.3,24,-1
AKAM,1.4,7197,7298,-1.6,44,5
AL,0.2,6364,6374,0.2,50,7
ALAB,1.5,17931,18194,4.1,51,1
ALB,4.0,8845,9196,-3.7,49,5
ALGM,-0.0,2744,2743,-6.4,30,0
ALGN,1.1,13566,13721,2.7,60,3
ALK,3.6,4042,4186,-7.9,34,9
ALL,-0.3,19526,19475,-0.9,49,-1
ALLE,0.2,16555,16581,-3.4,39,0
ALLY,0.8,3961,3995,0.4,46,3
ALNY,2.6,42347,43456,-6.3,37,7
ALSN,1.7,7940,8076,-1.3,43,7
AM,0.3,1719,1723,-3.7,28,1
AMAT,4.6,23019,24089,5.9,65,8
AMCR,2.5,787,807,0.2,54,11
AMD,2.5,25005,25633,5.8,62,3
AME,0.0,19806,19806,4.9,67,0
AMG,2.1,25144,25674,6.7,67,4
AMGN,7.8,29670,31986,7.9,80,20
AMH,-0.3,3218,3208,-1.7,42,-1
AMKR,3.7,3525,3654,13.3,65,3
AMLP,0.9,4655,4697,1.5,59,7
AMP,1.6,45200,45907,-2.9,41,8
AMT,-0.5,18035,17943,-3.5,36,-1
AMZN,0.4,24932,25020,10.4,71,0
AN,-0.4,19432,19354,-6.6,31,0
ANET,-8.6,15355,14041,-7.0,34,-17
ANGI,-7.9,1287,1185,-12.9,17,-8
AON,-0.7,34421,34170,-0.6,51,-3
AOS,1.4,6515,6603,-2.9,41,6
APA,-1.9,2209,2166,-5.1,37,-3
APD,-1.3,24077,23756,-5.8,20,-3
APG,2.7,3543,3638,4.4,63,6
APH,1.6,13669,13887,5.5,63,3
APLS,-2.5,2047,1995,-21.1,31,-1
APO,2.5,13051,13375,7.0,67,5
APP,1.4,60867,61704,2.3,54,2
APPF,-1.2,26062,25750,7.4,62,-4
APTV,3.4,8084,8361,0.1,52,12
AR,-0.3,3293,3283,2.5,54,0
ARE,0.9,5399,5447,-21.5,17,1
ARES,0.2,15301,15325,3.2,54,0
ARGT,-0.2,9346,9328,16.2,75,0
ARMK,-0.0,3769,3768,-3.7,41,0
ARW,1.1,11163,11283,-3.6,41,4
AS,-0.4,3140,3127,-0.7,41,-1
ASH,6.1,4784,5074,3.0,63,19
ATI,0.5,9602,9649,8.0,67,0
ATO,-0.8,17395,17259,-1.6,49,-5
ATR,1.2,11418,11557,-8.4,25,6
AVB,1.0,17606,17774,-3.0,41,5
AVGO,2.0,35194,35898,1.2,51,4
AVT,1.5,4731,4800,-5.0,35,6
AVTR,0.0,1158,1158,-15.5,32,0
AVY,0.1,17439,17452,2.8,61,0
AWI,0.8,18997,19153,-2.8,41,-2
AWK,2.3,12808,13097,-4.9,42,15
AXON,-9.4,70613,63953,-9.8,27,-22
AXP,1.5,36049,36580,5.2,73,3
AXS,0.8,9598,9679,3.5,66,7
AXTA,1.3,2756,2792,-1.0,45,-2
AYI,0.6,36122,36356,0.2,56,-2
AZO,-0.4,367590,366181,-5.4,34,13
AZTA,1.2,3018,3054,-1.8,45,-1
BA,-0.2,19805,19762,-7.1,37,-7
BAC,-2.0,5354,5245,1.4,53,-13
BAESY,0.2,9627,9650,-4.1,32,-4
BAH,1.3,8546,8661,-6.7,39,3
BALL,2.2,4783,4889,1.3,60,17
BAX,0.1,1794,1795,-17.2,16,0
BBWI,0.2,2360,2365,-7.4,38,-4
BBY,1.9,7937,8088,0.6,56,-3
BC,2.9,6420,6604,0.8,54,0
BDX,-1.5,17904,17639,-4.5,35,-1
BEN,0.8,2259,2276,-0.2,45,-1
BEPC,-1.9,4376,4291,4.9,65,-7
BFAM,-2.3,10261,10025,0.4,49,-4
BG,1.8,9390,9557,3.0,68,4
BHF,-4.6,5429,5180,6.9,56,-8
BIIB,2.7,14933,15343,3.6,63,7
BILL,-1.3,4711,4652,-6.9,31,-2
BIO,-0.3,31095,31001,-2.3,47,0
BIRK,-0.7,3949,3922,-5.8,24,-1
BJ,0.8,9019,9093,-1.2,45,3
BK,0.6,10800,10869,1.2,58,3
BKLN,0.0,2091,2091,0.3,61,0
BKNG,-1.6,499176,491114,-4.1,31,-4
BKR,2.3,4597,4704,0.6,48,6
BLD,-3.2,41884,40563,-6.5,35,-8
BLDR,1.6,10979,11156,-7.4,37,4
BLK,1.3,105991,107357,-5.0,33,7
BMRN,0.5,5252,5280,-0.5,52,1
BMY,1.9,4559,4647,5.0,69,4
BOKF,2.7,10431,10710,-0.4,49,11
BPOP,0.5,11235,11288,-2.3,42,2
BR,-1.9,22286,21858,-4.3,30,-7
BRBR,-0.6,3033,3015,-7.3,24,-1
BRKR,-0.4,4038,4020,5.8,65,-1
BRO,-1.2,7882,7784,-10.4,23,-2
BROS,0.7,5517,5556,0.4,50,2
BRX,-0.6,2636,2621,-3.0,37,-2
BSX,0.1,9884,9890,-0.5,46,0
BSY,-1.0,4895,4848,-4.5,33,-2
BURL,-0.3,27288,27208,0.3,52,-1
BWA,1.8,4410,4488,4.2,64,4
BWXT,-1.1,20039,19812,-2.8,47,-2
BX,1.0,14285,14432,-6.6,25,5
BXP,-0.5,6973,6937,-2.9,33,-1
BYD,1.1,7938,8023,-1.0,50,3
C,0.7,10101,10169,3.0,61,2
CACC,5.0,42976,45139,-6.2,39,11
CACI,0.7,58474,58857,7.8,75,1
CAG,-0.1,1711,1709,-5.5,30,0
CAH,0.7,19534,19679,17.9,92,0
CAR,1.6,13801,14022,-4.6,39,4
CARR,-1.2,5755,5685,-1.7,42,-3
CART,-0.2,3647,3639,-5.0,31,0
CASY,0.5,52295,52564,-3.0,42,2
CAT,3.9,54758,56915,6.1,63,7
CAVA,-2.6,5170,5037,-16.9,17,-1
CB,-0.8,28564,28326,1.8,59,-5
CBOE,0.5,25026,25140,4.6,67,1
CBRE,-0.9,15144,15007,-3.9,36,-3
CBSH,0.4,5353,5373,-1.0,46,1
CC,-1.3,1221,1205,-10.0,31,-1
CCCS,-2.9,901,875,-2.4,47,19
CCI,-0.5,9032,8983,-5.9,31,-1
CCK,1.4,9728,9862,3.3,67,4
CCL,3.0,2611,2690,-5.7,37,8
CDNS,-1.7,33322,32763,-2.0,37,-5
CDW,3.3,14166,14632,-4.5,44,7
CDX,0.4,2261,2269,-0.3,47,8
CE,-1.1,3734,3694,-8.0,37,-1
CEG,0.1,36282,36325,-4.2,46,0
CELH,0.6,5956,5992,-3.3,53,1
CERT,0.2,1155,1157,-4.4,44,0
CF,0.6,8455,8507,-0.3,53,2
CFG,1.4,5073,5144,1.3,54,5
CFLT,-0.6,2267,2254,-1.8,52,-1
CFR,0.6,12330,12408,-0.0,51,2
CG,1.7,5116,5205,-8.3,27,6
CGNX,1.2,4000,4050,-10.1,35,2
CHD,0.1,8660,8667,0.3,54,0
CHDN,-0.0,9901,9900,3.4,56,0
CHE,-0.0,43909,43900,0.0,52,0
CHH,6.0,9150,9697,-0.5,49,23
CHRD,-4.4,8893,8499,-6.3,28,-9
CHRW,0.1,15291,15313,14.5,75,0
CHTR,1.9,22091,22515,-8.6,29,6
CI,-1.9,26466,25958,-10.6,35,-2
CIEN,7.1,18287,19581,11.2,75,9
CINF,1.7,15738,16004,2.6,64,5
CIVI,-4.4,2699,2581,-9.5,28,-5
CL,0.5,7655,7691,-0.9,46,2
CLF,-1.6,1068,1051,-20.5,32,0
CLH,-0.9,20879,20693,-10.1,26,-1
CLX,-1.4,11042,10892,-6.1,30,-3
CMA,1.0,7738,7817,1.2,60,3
CMCSA,1.8,2744,2794,-3.6,39,7
CME,0.1,26785,26800,0.2,54,0
CMG,0.7,3174,3197,-17.8,20,1
CMI,2.4,42874,43918,3.8,61,6
CMS,-0.5,7294,7256,-1.9,46,-2
CNA,0.7,4435,4466,-1.5,49,4
CNC,2.0,3611,3684,3.7,58,3
CNH,1.7,1030,1047,-0.0,48,8
CNM,0.3,5126,5140,-1.6,50,0
CNP,0.3,3874,3886,-1.2,50,2
CNXC,-2.1,3900,3820,-13.4,10,0
COF,0.3,22068,22140,2.3,58,1
COHR,4.6,12869,13463,8.8,64,7
COIN,3.9,30732,31930,-6.4,43,5
COKE,0.9,13359,13474,4.3,75,2
COLB,0.2,2647,2652,2.9,57,0
COLD,3.1,1239,1277,-4.1,43,9
COLM,4.4,5015,5235,0.7,55,9
COO,-0.3,6908,6888,-3.3,41,0
COP,-0.2,8791,8770,-0.4,47,0
COR,2.7,34453,35400,7.2,85,4
COST,-0.6,94074,93503,0.2,44,-2
CPAY,0.2,26117,26169,-5.8,36,0
CPB,1.0,2979,3010,-1.3,40,5
CPNG,-5.9,3213,3022,-4.4,32,-30
CPRI,7.4,2071,2224,4.7,64,16
CPRT,-2.1,4285,4193,-4.5,28,-7
CPT,0.4,10140,10182,-0.2,51,2
CR,1.5,18818,19102,2.3,60,4
CRH,-1.4,11732,11567,-2.1,45,-6
CRI,7.8,2970,3201,4.0,60,12
CRL,-5.7,17785,16770,-6.8,38,-12
CRM,-0.7,25444,25268,0.4,52,-2
CROX,1.9,7870,8023,-2.9,51,3
CRUS,-7.9,12963,11942,-6.4,32,-18
CRWD,0.0,53391,53414,3.3,60,0
CSCO,-0.3,7231,7209,1.8,53,-1
CSGP,0.9,6979,7044,-5.3,33,3
CSL,0.7,32694,32923,-0.1,48,3
CSX,-1.5,3584,3532,-1.6,46,-8
CTAS,0.9,18411,18581,-1.2,44,4
CTRA,-0.4,2585,2575,9.1,76,-2
CTSH,2.5,7281,7466,8.3,81,5
CTVA,1.9,6250,6367,1.8,58,7
CUBE,0.9,3740,3772,-6.6,34,3
CUZ,1.4,2552,2588,-1.7,41,8
CVNA,-0.0,30979,30968,-8.3,38,0
CVS,0.6,7808,7855,-2.0,49,2
CVX,-0.5,15338,15266,-0.7,42,-2
CW,-0.2,58602,58512,3.0,60,0
CWEN,6.7,3249,3465,8.6,78,13
CXT,1.7,6313,6420,-2.4,49,7
CZR,-0.4,2002,1993,-7.3,41,0
D,0.6,5932,5970,-1.1,50,3
DAL,5.2,5565,5854,-1.4,50,10
DAR,-1.0,3256,3222,0.0,51,-2
DASH,-0.8,23993,23800,-8.5,28,-1
DAY,-0.1,6861,6854,0.2,51,-4
DBX,0.6,2897,2913,0.4,49,1
DCI,2.3,8457,8649,4.1,78,8
DD,5.0,3776,3963,16.8,87,3
DDOG,-1.6,15751,15497,-1.8,50,-5
DDS,3.3,59508,61469,2.1,60,11
DE,1.2,46830,47369,2.6,57,4
DECK,2.9,7954,8181,-11.4,32,6
DELL,-1.5,15463,15239,-1.8,46,-3
DG,0.8,9977,10061,-1.5,44,4
DGX,0.1,17803,17826,-2.0,48,0
DHI,-0.2,14559,14527,-4.9,32,0
DHR,-0.8,21383,21221,-0.4,54,-3
DINO,-0.9,5346,5300,0.5,47,-2
DIS,-0.1,11147,11134,-0.2,48,0
DJT,2.5,1382,1417,-10.0,29,7
DKNG,-2.4,2861,2792,-14.5,19,-1
DKS,1.3,21618,21898,-2.8,44,5
DLB,0.7,6498,6542,-3.1,40,3
DLR,-1.0,16827,16652,-3.4,38,-2
DLTR,2.8,10207,10492,7.0,71,5
DOC,1.9,1754,1787,-2.0,47,6
DOCS,-2.8,6581,6399,-4.6,32,-6
DOCU,0.1,7081,7090,0.8,47,0
DOV,0.8,17824,17965,4.2,65,2
DOW,0.8,2259,2277,-0.7,49,1
DOX,0.6,8349,8397,0.9,59,4
DPZ,-1.6,40688,40041,-2.8,45,-6
DRI,-0.1,18022,18010,-2.2,41,0
DT,-4.5,4963,4739,-3.6,41,-13
DTE,0.4,13344,13400,-4.1,31,3
DTM,0.3,11019,11055,1.4,58,1
DUK,-0.0,12383,12377,-2.1,41,0
DUOL,-0.8,26204,26002,-14.4,32,0
DV,0.0,1115,1115,-1.9,41,0
DVA,1.0,11997,12116,-3.2,37,5
DVN,-0.6,3254,3234,-0.7,51,-2
DXC,2.0,1354,1381,3.9,61,2
DXCM,-3.1,6118,5928,-10.8,28,-3
EA,-0.0,20078,20074,0.2,94,0
EBAY,-0.8,8168,8101,-11.0,26,0
ECL,0.1,25866,25893,-3.9,39,0
ED,-1.9,9796,9611,-3.8,39,-8
EEFT,-0.1,7329,7320,-10.7,23,0
EFX,-0.5,20846,20733,-7.3,22,0
EG,1.4,31769,32199,-4.3,42,4
EGP,-0.1,17506,17488,-0.4,53,0
EHC,-1.6,11714,11530,-5.8,32,-3
EIX,1.9,5570,5678,1.4,59,6
EL,-1.9,9288,9109,-5.7,42,-4
ELAN,-4.0,2250,2160,0.5,54,-15
ELF,-0.4,11829,11783,-7.9,31,0
ELS,0.0,6065,6068,-1.8,42,0
ELV,0.5,31662,31808,-6.5,31,2
EME,3.2,65450,67542,-2.6,49,4
EMN,0.6,6074,6109,0.2,53,1
EMR,-3.9,13774,13241,-0.2,43,-15
ENOV,0.2,3144,3149,-0.4,48,0
ENPH,11.0,2901,3220,-7.0,41,19
ENTG,2.4,8646,8850,-2.7,46,3
EOG,-0.1,10526,10519,-1.7,31,0
EPAM,1.6,15844,16091,4.5,60,3
EPR,0.3,4948,4964,-6.3,31,1
EQH,-7.4,4886,4522,-6.5,30,-20
EQIX,-0.9,82991,82212,-0.0,52,-3
EQR,0.7,5938,5977,-2.9,41,3
EQT,0.5,5568,5599,3.5,60,0
ERIE,-0.4,28942,28816,-8.0,34,0
ES,-1.2,7381,7291,-0.3,54,-9
ESAB,0.7,11165,11248,-5.4,38,2
ESI,-0.1,2703,2701,4.0,63,0
ESS,1.5,25656,26036,0.9,58,6
ESTC,-1.7,8853,8704,1.5,52,-5
ETN,2.0,37772,38544,2.2,57,6
ETR,0.1,9623,9628,0.1,60,0
ETSY,3.4,5827,6028,-12.6,33,7
EUAD,-0.4,4385,4369,-1.6,40,-1
EUFN,1.3,3356,3400,1.0,62,8
EVR,2.0,29761,30348,-2.7,44,5
EVRG,-0.4,7704,7677,-1.2,48,-2
EW,-1.6,8415,8284,6.3,69,-9
EWBC,0.7,9996,10069,0.1,47,3
EWG,1.0,4034,4072,-1.7,44,8
EWI,1.2,5138,5200,1.4,62,8
EWP,1.3,4973,5040,1.5,65,7
EXAS,0.1,6959,6963,10.3,84,0
EXC,-0.5,4638,4615,-2.4,42,-3
EXE,0.0,11005,11005,5.9,67,0
EXEL,6.5,3790,4036,4.8,60,14
EXP,-0.6,20840,20722,-9.4,29,0
EXPD,1.6,13572,13791,14.6,83,1
EXPE,0.8,21213,21381,-2.1,49,2
EXR,1.2,13141,13301,-7.9,31,5
F,2.7,1279,1313,5.3,63,5
FAF,-0.3,6267,6246,1.8,55,-1
FANG,-1.5,13941,13729,-3.3,39,-4
FAST,0.9,4130,4168,-2.0,42,4
FAZ,-0.8,4402,4365,0.4,49,-2
FBIN,2.2,4959,5068,0.8,51,6
FCN,-0.3,16738,16681,4.1,62,-1
FCNCA,-0.3,180663,180123,2.3,52,-1
FCX,2.0,3942,4020,-3.0,47,6
FDS,-1.3,26458,26114,-6.8,33,-2
FDX,1.7,25188,25610,5.6,72,5
FE,-1.0,4615,4569,-2.0,51,-7
FERG,1.7,24485,24900,2.5,61,6
FFIV,2.1,24138,24649,-15.6,21,6
FHB,1.5,2440,2476,2.5,56,5
FHN,1.4,2122,2151,1.2,54,4
FI,-0.7,6445,6400,-39.9,12,0
FICO,1.4,160610,162920,-0.2,47,3
FIS,2.5,6315,6475,-1.7,49,9
FITB,0.9,4215,4251,1.0,52,3
FIVE,-0.3,15637,15594,0.9,53,0
FIVN,-1.1,2301,2276,0.1,44,-2
FIX,3.3,95596,98778,10.3,68,4
FLO,0.6,1203,1210,-2.9,38,3
FLS,0.5,6953,6990,23.1,77,0
FMC,-0.4,1341,1336,-48.6,8,0
FNB,1.1,1568,1586,2.0,57,4
FND,-0.4,6167,6144,-10.4,25,0
FNF,-1.2,5583,5516,-1.2,46,-6
FOUR,0.6,6673,6716,-8.9,29,1
FOX,0.4,5815,5836,8.0,72,0
FR,0.5,5504,5532,1.3,60,2
FRPT,2.4,5603,5740,8.4,61,2
FRT,0.1,9606,9620,-1.8,41,0
FSLR,5.6,26270,27739,15.3,70,6
FTEC,0.3,23097,23173,1.1,53,1
FTI,1.1,4186,4234,9.3,71,2
FTNT,0.9,8522,8599,1.4,57,3
FTRE,23.2,969,1195,16.3,64,22
FTV,-0.2,5034,5023,1.6,60,-1
FWONA,0.7,9143,9211,1.1,57,3
FWONK,0.7,10075,10141,1.9,60,2
FYBR,0.0,3777,3777,0.5,71,0
G,1.0,3843,3882,-1.0,46,6
GAP,4.6,2241,2343,5.6,58,10
GD,-0.2,34347,34291,0.7,57,-1
GDDY,-1.5,13518,13310,1.2,51,-6
GE,0.3,30420,30511,0.4,48,1
GEHC,1.8,7430,7561,0.6,54,7
GEN,-0.1,2587,2584,-3.0,35,0
GEV,2.1,54796,55970,-5.7,37,6
GFS,3.5,3442,3563,1.8,62,5
GGG,0.7,8168,8222,0.6,54,4
GILD,-0.3,12300,12258,2.0,66,-2
GIS,0.0,4638,4639,-3.0,39,0
GL,0.3,13338,13375,-0.7,49,1
GLOB,2.3,5887,6020,1.1,56,4
GLPI,-0.2,4519,4510,0.9,56,0
GLW,2.2,8521,8708,0.6,52,5
GM,2.8,6687,6877,7.8,66,6
GME,0.1,2198,2201,-4.4,42,0
GMED,-0.2,6166,6151,1.4,58,-1
GNRC,1.7,15659,15918,-11.6,35,3
GNTX,2.1,2312,2360,-5.5,36,9
GO,-8.0,1417,1303,-12.1,32,-11
GOOG,2.4,27806,28475,8.9,74,4
GPC,1.5,12269,12459,-4.5,33,9
GPK,-0.3,1705,1700,-0.8,48,0
GPN,-1.0,7995,7920,-5.5,36,-1
GRAL,4.9,8069,8464,3.3,55,4
GRMN,0.0,20545,20548,-13.8,18,0
GS,0.3,79083,79309,2.4,60,1
GTES,1.7,2148,2185,-10.8,30,5
GTLB,-1.4,4650,4583,-2.8,45,-2
GWRE,-1.1,22278,22022,-8.9,23,-1
GWW,0.7,95587,96239,0.0,52,3
GXO,-5.1,5537,5254,-3.0,42,-17
H,1.9,13541,13800,-4.5,40,8
HAL,1.1,2681,2710,8.3,65,1
HAS,1.2,7598,7687,1.9,59,5
HAYW,-0.4,1619,1612,2.6,56,-1
HBAN,0.1,1527,1529,-2.6,37,0
HCA,0.3,47168,47320,6.8,76,0
HD,-2.4,38308,37384,-2.5,35,-12
HEI,0.7,31617,31835,1.7,58,3
HHH,0.4,7806,7834,-2.0,46,1
HIG,0.2,12794,12822,1.8,62,0
HII,-2.9,31589,30668,3.5,60,-11
HIW,1.0,2847,2876,-2.4,37,7
HLI,0.2,17904,17940,-6.3,29,0
HLT,2.3,25864,26445,0.6,54,11
HOG,0.3,2536,2543,-5.1,38,0
HOLX,0.2,7411,7423,3.6,83,0
HON,0.3,19646,19705,0.0,48,1
HOOD,4.2,13680,14247,2.5,52,6
HPE,0.6,2356,2370,-1.3,43,2
HPQ,2.7,2594,2664,-3.0,42,9
HR,1.8,1761,1793,-1.4,49,10
HRB,1.2,4998,5058,-1.1,50,5
HRL,-0.1,2158,2155,-6.8,27,0
HSIC,0.6,7161,7201,12.1,82,0
HST,1.0,1605,1621,-0.7,48,5
HSY,2.4,16595,16988,-6.2,38,8
HUBB,1.9,45944,46806,6.2,68,4
HUBS,-1.5,47199,46471,0.3,49,-3
HUM,-6.0,28187,26494,-5.8,36,-13
HUN,-2.5,789,769,-8.2,33,-3
HWM,0.6,20502,20631,4.7,67,1
HXL,-0.4,6993,6967,3.6,60,-1
HYG,0.1,8015,8023,-0.5,39,2
IAC,3.2,3200,3301,0.2,53,10
IAI,0.6,17393,17498,0.8,56,0
IBKR,1.3,7069,7162,3.5,61,-7
IBM,2.0,30085,30677,4.5,65,1
ICE,-0.5,14697,14621,-5.1,25,2
IDA,-0.2,12869,12846,-4.1,37,-3
IDXX,-0.3,72212,72021,11.2,81,-1
IETC,0.1,10456,10471,0.4,49,-18
IEX,0.2,16786,16827,0.8,56,0
IFF,4.1,6149,6400,1.3,58,15
IGV,-0.2,11200,11175,-2.4,39,-17
IJR,1.7,11660,11855,-0.0,53,2
ILMN,4.8,11686,12244,20.4,74,1
INCY,2.7,10292,10570,16.5,86,3
INFA,-0.1,2486,2484,-0.1,38,-2
INGR,0.3,10740,10770,-8.7,9,-10
INSP,-2.6,8501,8282,6.5,64,25
INTC,3.6,3703,3838,0.0,54,-8
INTU,-0.8,66042,65533,-1.3,42,-14
INVH,-0.8,2862,2838,-0.1,51,0
IONS,2.5,7288,7468,3.1,70,3
IP,-0.7,3656,3632,-18.7,14,0
IPG,-0.3,2527,2520,-4.4,39,3
IPGP,5.9,8400,8895,3.7,65,9
IQV,-0.4,21096,21012,-0.7,53,-2
IR,1.5,7723,7840,0.6,53,4
IRDM,0.8,1782,1797,-2.6,48,1
IRM,-2.7,10332,10052,-3.1,38,-10
ISRG,1.8,53882,54854,10.4,73,2
IT,4.4,22717,23712,-3.2,41,12
ITA,-1.1,21176,20947,-1.3,45,-5
ITT,1.4,18582,18848,6.0,65,3
ITW,0.1,24492,24506,-1.0,46,0
IVZ,0.6,2324,2337,0.4,54,2
IWY,0.1,28083,28116,1.1,55,0
IXG,0.6,11413,11485,0.5,59,5
J,0.9,15457,15599,-1.0,50,3
JAZZ,-0.4,13782,13722,0.3,51,-2
JBHT,-1.4,17264,17025,5.9,68,-5
JBL,4.3,20922,21817,4.2,60,9
JCI,8.8,11104,12086,8.8,74,21
JEF,1.8,5300,5393,0.5,46,5
JEPI,0.1,5639,5647,-0.8,43,2
JEPQ,0.6,5819,5854,0.8,56,5
JHG,-0.0,4331,4329,0.4,50,0
JKHY,4.9,15241,15983,4.1,70,17
JLL,-3.8,29904,28762,-4.9,31,-11
JNJ,-0.5,18686,18600,-2.2,44,-3
JPM,0.8,30925,31168,2.7,63,3
K,0.0,8319,8320,0.2,86,0
KBR,0.9,4240,4277,-1.7,45,2
KD,-4.7,2743,2614,-7.3,22,-6
KDP,1.0,2646,2672,-1.9,45,2
KEX,1.7,10445,10625,17.2,89,1
KEY,1.2,1730,1752,0.1,47,6
KEYS,3.8,17910,18585,9.3,68,6
KHC,-0.1,2417,2414,-3.7,34,0
KIM,-0.0,2044,2043,-4.8,30,0
KKR,0.5,11829,11889,-1.3,38,2
KLAC,2.8,119349,122709,7.4,64,5
KMB,-0.6,10064,10005,-14.5,18,0
KMI,0.3,2584,2592,-3.0,37,2
KMPR,-2.6,4375,4263,-9.3,22,-3
KMX,0.1,4075,4081,-5.4,29,0
KNSL,1.5,38868,39449,-9.2,33,4
KNX,-0.5,4479,4458,-0.8,53,-1
KO,-0.2,6866,6851,-0.2,48,-1
KR,-1.0,6376,6315,-5.8,28,-2
KRC,-0.3,4261,4249,3.4,56,-1
KSS,8.9,1611,1754,9.8,67,15
KVUE,1.6,1597,1623,5.6,62,2
L,0.2,10064,10086,0.9,61,1
LAD,0.1,29787,29817,-4.2,37,0
LAMR,-0.9,11960,11849,-0.6,48,-5
LAZ,2.4,4846,4963,1.0,51,9
LBRDA,1.9,5075,5173,-8.6,29,7
LBTYA,1.4,1065,1080,-1.1,46,5
LDOS,-2.2,19955,19507,2.7,60,-11
LEA,2.3,10666,10914,7.1,74,5
LECO,1.5,22507,22837,-3.3,38,7
LEG,-1.1,891,881,-3.2,42,-1
LEN,-0.4,12165,12118,-2.1,42,-1
LFUS,1.5,24122,24490,-5.2,39,4
LH,-0.6,25233,25069,-7.8,33,-1
LHX,-1.4,29112,28710,-1.3,47,-5
LII,-0.4,49216,48999,-4.1,40,-1
LIN,0.1,41794,41823,-5.4,23,0
LITE,23.6,18836,23275,30.4,73,17
LKQ,1.4,3040,3084,1.7,54,3
LLY,2.1,90686,92581,10.7,83,2
LLYVK,-9.5,9119,8255,-8.8,21,-26
LMT,-2.4,48498,47314,-3.9,31,-11
LNC,1.1,4033,4079,2.5,57,3
LNG,-0.5,20675,20563,-6.1,17,-1
LNT,0.4,6659,6684,-1.5,47,3
LNW,0.1,7333,7343,-3.1,36,0
LOAR,-1.1,7609,7526,-5.5,36,-2
LOPE,-3.6,18486,17828,-13.7,22,-3
LOW,-1.4,23776,23435,-2.4,36,-6
LPLA,0.0,37449,37454,9.3,76,0
LPX,-8.4,8533,7818,-12.7,22,-14
LQD,-0.3,11068,11035,-1.4,28,-3
LRCX,6.0,15578,16505,10.8,68,8
LSCC,-0.1,6323,6315,-10.2,27,0
LSTR,0.0,12795,12800,-0.6,52,0
LULU,4.3,16066,16759,-2.3,47,10
LUV,6.6,2967,3162,-1.4,52,17
LVS,2.1,6128,6254,14.9,77,2
LW,1.2,6201,6276,-2.2,55,3
LYB,-1.1,4444,4397,-4.9,37,-1
LYFT,3.4,1942,2007,-0.1,48,7
LYV,-10.6,15075,13479,-11.2,18,-22
M,7.0,1939,2075,11.4,78,9
MA,0.1,55275,55330,-1.4,40,0
MAA,-0.5,12909,12850,-2.5,38,-1
MAN,-0.4,2990,2978,-11.8,24,0
MANH,0.9,17845,18013,-6.1,35,3
MAR,4.0,27224,28307,6.3,72,9
MAS,0.7,6300,6341,-5.2,28,3
MASI,-4.6,14901,14213,-2.9,45,-15
MAT,4.0,1832,1905,3.6,61,9
MCD,2.2,29920,30567,0.7,57,11
MCHP,2.2,5950,6080,-4.7,37,7
MCK,0.3,84167,84426,5.8,78,0
MCO,-0.2,48746,48646,1.0,55,0
MDB,-1.6,35584,35028,5.0,60,-5
MDLZ,-0.1,5608,5602,-6.9,26,0
MDT,-0.0,9042,9040,-3.7,23,0
MDU,1.4,1941,1969,1.7,69,4
MEDP,0.7,59453,59880,7.1,72,1
MET,-1.0,7945,7868,-1.0,49,-5
META,1.4,62732,63595,-10.1,23,5
MGM,0.4,3187,3201,-0.2,52,1
MHK,-0.1,11065,11049,-8.6,29,0
MIDD,1.1,12212,12348,-5.0,34,6
MKC,0.8,6402,6456,-2.1,47,4
MKL,0.8,198181,199710,4.3,66,2
MKSI,2.0,13719,13991,1.2,52,3
MKTX,-0.2,16129,16100,-4.1,36,0
MLM,-2.3,62526,61061,-2.3,43,-13
MMC,-1.2,18050,17840,-5.9,31,-3
MMM,2.3,16059,16432,2.3,55,8
MNST,1.5,6687,6787,-1.0,53,8
MO,-0.3,5731,5716,-8.7,24,0
MOH,-1.3,15169,14975,-14.6,28,-1
MORN,0.4,21167,21255,-2.4,43,1
MOS,-1.2,2655,2622,-10.2,20,-1
MP,0.1,5490,5493,-24.5,22,0
MPC,1.3,18378,18618,-1.4,44,4
MPWR,4.4,95787,100015,-2.0,47,8
MRK,0.7,8386,8441,-1.7,48,2
MRNA,-0.8,2375,2356,-10.6,36,0
MRVL,6.1,8759,9290,5.8,58,9
MS,0.7,16401,16520,2.6,62,2
MSA,1.7,15732,15997,-3.0,44,5
MSCI,-0.5,57490,57192,2.8,55,-1
MSFT,-1.4,51433,50716,-2.4,38,-6
MSGS,-2.1,21974,21512,-2.9,39,-7
MSI,0.1,39424,39449,-9.5,19,0
MSM,0.3,8642,8668,0.5,55,1
MSTR,3.2,24699,25500,-10.7,38,4
MTB,1.4,18090,18335,0.3,49,7
MTCH,5.2,3155,3319,2.1,55,20
MTD,1.4,142035,143973,4.9,67,3
MTDR,-4.0,3875,3719,-9.4,28,-6
MTG,0.0,2807,2807,3.1,64,0
MTN,2.5,14191,14544,-3.0,44,6
MTSI,3.9,14413,14968,6.4,65,5
MTZ,1.8,19551,19908,-3.1,44,4
MU,8.9,21803,23750,13.4,68,10
MUSA,-0.2,36675,36599,-2.8,44,0
NATO,-0.6,3797,3773,-1.8,44,-3
NCLH,-1.0,1879,1861,-17.6,14,0
NCNO,-0.8,2540,2520,-1.4,41,-1
NDAQ,-0.4,8587,8556,-2.8,41,-1
NDSN,1.3,23032,23330,-0.0,59,6
NEE,0.6,8169,8214,-1.7,53,2
NEM,3.5,7890,8163,-4.9,46,6
NET,-1.9,23291,22851,2.8,51,-3
NEU,1.7,77137,78441,2.2,56,6
NFG,-1.1,8027,7940,-3.8,33,-3
NFLX,0.5,109296,109846,-4.8,37,2
NI,0.0,4287,4287,-0.6,54,0
NKE,1.4,6123,6211,-6.7,28,6
NLY,0.9,2151,2170,3.4,68,2
NNN,0.0,3982,3983,-4.5,28,0
NOC,-1.2,57714,57050,-4.7,35,-4
NOV,1.8,1475,1501,9.3,64,2
NOW,-0.9,88757,87963,-4.1,40,-2
NRG,3.1,16799,17319,2.4,58,6
NSA,2.8,2986,3070,-1.0,55,9
NSC,-1.1,28380,28077,-1.8,40,-7
NTAP,2.1,11334,11569,-1.4,44,7
NTNX,-0.5,7006,6970,1.0,49,-2
NTRA,1.8,19645,19992,6.8,73,3
NTRS,0.5,12754,12819,0.8,55,2
NU,2.3,1580,1617,4.0,61,8
NUE,0.7,14429,14525,2.7,57,1
NVDA,-1.8,19869,19521,2.5,53,-5
NVDL,-3.6,10376,10000,3.9,52,-5
NVDQ,3.3,1571,1623,-7.0,42,4
NVDU,-3.4,14494,14000,4.0,52,-4
NVR,0.6,714603,719200,-3.9,37,3
NVST,0.0,2014,2014,0.9,56,0
NVT,2.6,10962,11250,9.2,67,4
NWS,0.4,2907,2920,-2.5,35,2
NWSA,-0.6,2580,2564,-2.4,35,-1
NXST,-1.0,19839,19632,1.3,53,-5
NYT,-0.2,5775,5761,2.2,64,-2
O,-0.0,5614,5612,-4.8,27,0
OC,-9.5,12272,11103,-11.9,23,-16
ODFL,-0.4,14136,14078,1.9,52,-1
OGE,-0.5,4429,4405,-3.5,35,-2
OGN,-2.1,652,638,-22.8,18,-1
OHI,0.1,4298,4302,5.7,70,0
OKE,3.0,6431,6627,-2.9,39,15
OKTA,0.2,8697,8713,-2.1,41,0
OLED,3.3,14209,14675,0.3,53,8
OLLI,0.1,12399,12413,0.3,48,0
OLN,0.1,1955,1957,-13.3,34,0
OMC,-0.2,7354,7340,-4.8,37,0
OMF,0.6,6050,6086,7.7,64,1
ON,3.7,4828,5008,-1.9,48,8
ONTO,5.2,12911,13576,2.3,53,10
ORCL,0.9,24817,25034,-10.7,28,2
ORI,1.5,4007,4069,-1.0,53,5
ORLY,1.2,9383,9494,-3.5,41,5
OSK,3.8,12042,12501,-4.6,44,9
OTIS,0.6,9070,9124,-0.1,51,2
OVV,-1.7,3729,3664,-1.2,41,-5
OWL,0.2,1566,1569,-4.0,44,0
OXY,-0.8,4008,3975,-4.3,32,-1
OZK,-0.6,4470,4442,-4.8,29,-1
PAG,0.7,15665,15776,-4.7,30,4
PANW,-0.6,21452,21318,-0.4,47,-2
PATH,2.0,1427,1455,-9.8,42,2
PAYC,1.0,18191,18373,-6.3,31,4
PAYX,1.2,11514,11650,-5.5,31,8
PB,0.5,6637,6673,3.7,64,1
PCAR,3.9,9692,10074,3.4,69,10
PCG,0.7,1616,1627,0.0,62,2
PCOR,1.2,7069,7154,-1.5,49,2
PCTY,4.4,13933,14546,-2.0,42,23
PEG,-2.4,8181,7986,-3.0,42,-10
PEGA,-2.4,6104,5959,-0.6,45,-5
PEN,-4.1,23508,22554,-8.0,34,-8
PENN,1.1,1618,1635,-3.6,39,3
PEP,-0.0,14290,14286,-4.4,35,0
PFE,1.3,2430,2461,0.0,51,7
PFG,-1.1,8206,8116,0.5,51,-5
PFGC,-1.2,9665,9550,-4.4,32,-4
PFRL,0.0,4967,4968,-0.1,41,0
PG,-1.0,14716,14577,-2.8,31,-4
PGR,-0.3,20959,20894,-5.2,33,0
PH,0.7,76899,77415,2.7,62,3
PHM,-0.2,11964,11946,-1.4,44,0
PII,2.5,6401,6563,-0.8,53,5
PINC,0.0,2815,2815,0.4,60,0
PINS,-21.8,3290,2574,-21.1,23,-26
PK,1.2,997,1009,-6.5,34,4
PKG,1.0,19716,19912,-2.6,43,4
PLD,-0.1,12400,12382,1.1,58,-1
PLNT,0.4,9132,9170,-2.3,39,1
PLTR,-1.5,19069,18790,1.1,48,-2
PM,0.5,14766,14840,-3.3,40,2
PNC,0.7,18295,18415,0.4,47,4
PNFP,0.8,8571,8643,-0.9,46,3
PNR,0.7,10718,10795,-0.7,51,4
PNW,-1.0,8936,8846,-3.3,38,-5
PODD,-1.8,32027,31444,-1.6,40,-6
POOL,-1.9,25800,25303,-11.4,15,-1
POST,-0.2,10566,10546,-0.7,49,0
PPA,-0.9,15541,15399,-1.4,45,-4
PPC,-0.8,3725,3696,-2.2,28,-2
PPG,1.4,9492,9625,-4.1,34,6
PPL,0.3,3625,3636,-2.1,45,2
PR,-2.3,1241,1213,-2.4,38,-6
PRGO,-25.2,2019,1510,-28.2,14,-25
PRI,-2.0,26041,25526,-3.2,34,-9
PRU,-0.6,10504,10443,2.1,64,-4
PSA,1.1,27602,27892,-5.8,37,5
PSN,4.2,7956,8291,-1.0,53,15
PSTG,2.0,9510,9701,3.3,58,5
PSX,0.1,13575,13593,2.3,55,0
PTC,-1.1,19203,18997,-5.3,23,-2
PVH,3.9,7503,7794,-4.2,41,11
PWR,3.4,43866,45345,3.6,61,8
PYPL,3.0,6608,6806,-1.7,48,6
QCOM,4.0,17284,17972,5.2,57,8
QDEL,0.9,2713,2737,-2.5,52,1
QGEN,-0.2,4416,4405,-7.0,25,0
QQQ,0.7,61925,62328,1.4,56,3
QRVO,2.5,8754,8970,-2.0,43,6
QS,10.6,1544,1707,6.8,56,7
QTUM,1.9,10973,11180,0.3,50,6
R,0.1,16735,16756,-4.1,40,0
RARE,-1.8,3246,3187,-4.6,46,-3
RBA,-1.1,9869,9763,-3.5,31,-2
RBC,1.0,42724,43136,8.1,78,1
RBLX,-1.9,10413,10218,-18.5,25,-1
RCL,-0.3,25738,25663,-14.0,22,0
REG,0.4,6912,6942,-2.5,38,3
REGN,2.6,62800,64419,7.4,68,5
REXR,-0.1,4135,4132,-1.6,41,0
REYN,0.7,2458,2476,3.4,63,2
RF,1.0,2415,2438,0.4,47,5
RGA,0.4,18665,18738,-1.0,51,1
RGEN,-0.7,14693,14584,-4.2,47,-1
RGLD,2.5,16908,17332,-6.9,37,8
RH,1.5,16371,16619,-6.9,30,3
RHI,0.9,2548,2572,-12.9,20,3
RITM,1.1,1099,1111,2.1,58,6
RIVN,23.4,1250,1542,16.4,66,31
RJF,0.9,15816,15955,-1.2,48,5
RKT,-2.7,1676,1630,-3.4,43,-5
RL,2.5,30929,31689,-2.3,49,9
RLI,-0.1,6059,6055,-0.5,51,0
RMD,-0.5,24640,24522,-6.4,24,-1
RNG,-0.6,2747,2731,-3.9,40,0
RNMBY,-0.7,39720,39460,-3.7,36,-1
RNR,1.8,26258,26737,5.9,69,3
ROIV,1.8,1987,2023,12.0,83,2
ROK,0.8,35985,36260,2.3,60,3
ROKU,-0.4,10610,10567,7.1,64,-1
ROL,0.1,5962,5967,5.1,70,0
ROP,-0.8,44931,44583,-7.6,26,-1
ROST,0.0,16222,16222,3.3,72,0
RPM,-0.5,10810,10757,-3.1,31,-2
RPRX,6.8,3784,4042,9.5,80,14
RRC,0.1,3703,3707,1.2,53,0
RRX,1.8,13519,13765,-3.7,44,4
RS,0.3,27579,27675,-0.0,50,1
RSG,-0.6,20774,20643,-5.1,28,-1
RTX,-0.9,17561,17400,2.5,58,-4
RVTY,1.0,9169,9257,-1.3,50,2
RYAN,0.7,5503,5542,3.4,59,1
RYCEY,1.5,1506,1529,0.4,51,6
RYN,1.3,2179,2208,-7.4,31,5
S,-0.6,1687,1677,-2.9,40,-1
SAIA,-1.8,28823,28293,-4.3,38,-3
SAIC,0.9,9144,9222,-3.4,41,3
SAM,2.3,20485,20946,-4.0,42,7
SBAC,-0.2,19620,19579,0.9,53,-1
SBUX,4.1,7959,8288,-0.4,47,16
SCCO,3.9,13079,13591,2.2,54,8
SCHW,-0.2,9384,9368,-0.4,49,-1
SCI,-0.1,8162,8156,-0.3,51,0
SEB,2.1,360650,368200,8.3,71,3
SEE,2.3,3577,3659,6.1,73,4
SEIC,0.9,8164,8238,0.7,54,4
SF,0.0,11943,11947,4.2,73,0
SGI,-0.6,8011,7959,-4.1,35,-2
SHC,-3.8,1643,1581,-3.3,40,-15
SHLD,-1.5,6731,6627,-2.1,40,-6
SHW,-2.1,34298,33577,-0.5,45,-9
SIRI,2.6,2156,2213,2.0,54,2
SITE,-1.2,12565,12419,0.5,48,-3
SJM,1.6,10364,10526,1.4,57,6
SKX,,,,,,
SLB,1.2,3611,3654,5.5,64,2
SLGN,1.9,3861,3935,-6.7,38,6
SLM,1.0,2711,2738,2.5,52,3
SMCI,-11.5,4750,4203,-18.9,28,-9
SMG,2.9,5446,5602,1.9,54,11
SN,2.0,8469,8639,-5.6,32,7
SNA,1.2,33873,34275,1.0,57,5
SNDR,2.1,2192,2237,-0.9,51,4
SNOW,-0.2,26542,26479,3.7,61,0
SNPS,-1.7,41635,40911,-8.8,26,-2
SNV,0.8,4477,4515,-0.7,47,3
SNX,1.5,15091,15321,-0.7,51,6
SO,-1.4,9273,9141,-4.9,31,-5
SOFI,2.4,2937,3007,4.8,55,3
SOLV,-1.3,6859,6769,-4.5,31,-4
SON,1.9,4007,4085,1.6,50,7
SOXL,9.4,4280,4683,9.4,57,8
SOXS,-9.2,365,331,-13.4,37,-6
SOXX,3.1,29626,30547,3.8,59,7
SPB,1.7,5438,5529,2.7,64,5
SPG,-0.7,18259,18140,2.1,61,-3
SPGI,-0.4,49921,49710,2.3,58,-1
SPOT,-1.5,62960,62000,-6.7,28,-3
SPR,-1.0,3600,3565,-6.5,36,-2
SPXS,-1.0,3664,3629,-1.9,44,-2
SPY,0.3,67524,67754,0.7,55,2
SQQQ,-2.0,1379,1351,-4.7,42,-3
SRE,-0.1,9248,9239,0.4,63,0
SRPT,15.2,1620,1867,-16.7,40,11
SSD,-2.1,17339,16967,-2.4,40,-5
SSNC,0.0,8572,8575,3.2,59,0
ST,2.8,3085,3170,0.5,53,6
STAG,0.2,3856,3865,1.9,67,0
STE,0.5,24185,24318,1.6,66,2
STLD,1.7,15162,15413,1.9,57,3
STT,0.6,11615,11690,1.4,57,2
STWD,0.5,1837,1847,-0.1,47,4
STZ,1.1,12918,13062,-4.7,34,6
SUI,0.2,12480,12505,1.0,53,0
SWK,4.5,6663,6962,1.5,51,14
SWKS,2.0,7198,7345,-2.3,42,4
SYF,1.9,7300,7437,2.2,57,5
SYK,-1.4,36261,35767,-3.7,36,-4
SYY,0.1,7309,7318,-5.2,28,0
T,0.4,2444,2454,-3.6,32,2
TAP,3.5,4367,4518,-0.7,54,16
TDC,32.6,2071,2746,28.0,81,36
TDG,-2.0,129197,126631,-2.8,38,-7
TDY,0.3,51120,51269,-5.8,34,1
TEAM,-2.1,16500,16146,1.1,51,-4
TECH,-1.9,6110,5994,-3.2,47,-5
TER,6.8,17565,18759,22.9,76,5
TFC,0.8,4373,4406,0.9,51,3
TFSL,2.3,1345,1376,3.1,60,6
TFX,0.3,12441,12475,-1.5,50,0
TGT,2.2,8998,9194,-0.0,51,8
THC,0.4,20773,20862,2.8,59,0
THG,0.5,17517,17601,1.5,61,1
THLLY,-2.4,5656,5522,-5.4,33,-5
THO,1.8,10232,10420,-0.9,47,7
TJX,1.2,14205,14369,0.9,59,5
TKO,-0.1,18735,18724,-0.2,50,0
TKR,2.8,7629,7845,3.1,60,8
TMO,0.4,56524,56764,2.9,71,1
TMUS,-0.8,20629,20474,-7.1,23,-1
TNL,0.8,6268,6318,1.2,54,2
TOL,-0.0,13368,13365,-0.5,49,0
TOST,9.5,3564,3902,5.2,61,17
TPG,-0.2,5341,5328,-4.7,28,0
TPL,0.5,91443,91905,-0.4,53,1
TPR,2.7,10639,10931,-3.5,43,13
TREX,-31.1,4704,3243,-34.1,12,-23
TRGP,5.3,15457,16269,6.1,65,14
TRIP,4.2,1481,1543,-2.7,43,10
TRMB,2.5,7859,8056,1.9,58,9
TROW,1.1,10127,10238,-1.2,46,6
TRU,-0.4,7993,7961,-1.2,46,-1
TRV,-0.2,27727,27664,2.6,63,-1
TSCO,1.6,5305,5392,-1.6,43,9
TSLA,4.0,44426,46207,4.1,59,5
TSLL,7.8,2034,2192,6.8,57,5
TSLZ,-8.1,1330,1222,-10.8,37,-5
TSN,0.7,5204,5243,0.8,55,4
TT,0.7,43299,43616,2.4,60,2
TTC,0.8,7340,7400,-0.4,47,6
TTD,1.0,4724,4770,-6.9,38,2
TTEK,1.5,3209,3258,-1.4,48,6
TTWO,0.9,25243,25476,-0.5,61,3
TW,-0.4,10485,10441,-2.9,37,-1
TWLO,1.1,12997,13141,14.4,71,1
TXG,1.0,1336,1349,6.0,55,1
TXN,2.6,15936,16357,-3.9,41,11
TXRH,2.2,16219,16576,-3.0,42,10
TXT,0.6,7976,8027,-1.3,47,2
TYL,-1.9,46971,46081,-7.3,29,-4
TZA,-4.5,821,784,0.9,48,-7
U,18.1,3586,4236,14.6,65,20
UA,2.6,430,441,-3.4,48,7
UAA,2.9,448,461,-2.5,50,8
UAL,6.5,9077,9665,-1.1,48,13
UBER,-2.0,9467,9275,-2.0,42,-5
UDR,0.3,3427,3436,-3.0,40,1
UGI,0.0,3370,3370,2.2,66,0
UHAL,-0.3,5358,5340,-2.6,36,-1
UHS,1.7,22419,22795,7.9,74,3
UI,2.4,75941,77763,5.1,64,4
ULTA,1.0,51666,52182,-1.1,52,4
UNH,-0.9,33083,32774,-7.6,22,-1
UNM,-1.8,7820,7677,1.6,58,-7
UNP,-1.6,22091,21738,-2.3,41,-7
UPS,-0.4,9325,9291,4.2,61,-1
URI,-1.0,85276,84451,-9.5,29,-1
USB,0.7,4643,4674,-0.2,48,3
USFD,1.0,7339,7409,-1.1,45,6
UTHR,2.3,43733,44745,2.9,60,6
V,-0.1,34030,34004,-1.1,47,0
VAC,1.4,6631,6727,-0.1,47,4
VEEV,0.6,29349,29526,1.7,64,1
VFC,7.4,1376,1478,1.2,53,12
VGT,0.4,77445,77766,1.1,53,1
VICI,-0.3,3025,3017,-1.8,43,-1
VIRT,-1.1,3474,3436,1.7,55,-8
VKTX,5.3,3463,3647,5.0,60,6
VLO,0.6,16911,17014,2.9,56,1
VLTO,0.3,9963,9992,-2.0,37,2
VMC,-2.4,29226,28510,-3.5,38,-11
VMI,0.8,40599,40912,0.2,62,2
VNO,-0.9,3586,3554,-7.9,24,-1
VNOM,-0.4,3670,3656,-1.3,41,-1
VNT,1.4,3761,3813,-6.2,35,4
VOYA,-3.4,7365,7113,-3.3,38,-13
VRSK,-2.7,22000,21405,-7.2,35,-4
VRSN,1.6,24018,24403,-3.3,40,6
VRT,5.5,18082,19071,4.6,59,9
VRTX,-1.1,42167,41700,-0.3,53,-7
VST,2.0,18574,18939,-3.8,47,3
VTI,0.4,33174,33316,0.6,55,3
VTR,0.1,7492,7498,5.9,73,0
VTRS,2.5,1049,1075,4.9,76,8
VVV,-0.4,3219,3207,-5.2,31,0
VWRA.L,0.0,16696,16698,0.4,53,0
VYMI,0.9,8475,8551,0.6,59,8
VZ,0.9,3932,3969,-0.3,47,4
W,1.4,9943,10086,13.8,67,1
WAB,0.8,20446,20602,3.9,69,2
WAL,1.4,7745,7852,1.7,49,3
WAT,1.3,36734,37197,8.0,77,15
WBD,0.7,2260,2276,13.3,76,3
WBS,1.0,5668,5724,1.2,51,2
WCC,1.8,25212,25658,12.2,74,-6
WDAY,-0.6,23347,23210,-2.2,45,-8
WDC,5.2,15218,16010,22.4,78,0
WEC,-0.0,11187,11185,-2.6,44,7
WELL,1.1,18435,18635,5.8,74,5
WEN,2.1,889,908,2.9,59,28
WEX,0.3,14803,14854,-3.0,42,-3
WFC,-0.2,8713,8695,2.6,61,-2
WFRD,-0.9,7348,7284,6.8,65,-15
WH,-0.7,7323,7272,-4.4,34,-6
WHR,0.9,7050,7116,-2.6,38,1
WING,6.5,23732,25284,2.9,56,32
WLK,-1.4,6678,6586,-11.9,28,-4
WM,-0.1,20068,20054,-4.5,36,11
WMB,1.8,5651,5754,-4.6,35,-8
WMS,-0.8,13575,13472,-3.6,38,-8
WMT,-0.8,10227,10147,-2.8,35,0
WPC,0.9,6592,6648,-0.9,52,6
WRB,0.9,7405,7472,0.3,58,18
WSC,-0.6,2091,2079,-5.1,33,-9
WSM,2.6,19399,19896,4.0,59,10
WSO,-0.1,35833,35789,-2.1,42,-2
WST,-1.2,28694,28354,2.3,59,3
WTFC,1.6,12769,12977,1.4,53,2
WTM,-1.4,192060,189452,-0.7,55,-7
WTRG,3.3,3840,3968,-1.6,53,12
WTW,0.1,32281,32306,-1.5,47,0
WU,-1.8,902,886,3.0,55,-5
WWD,1.3,25889,26232,2.0,59,4
WY,-0.5,2259,2248,-4.5,34,-1
WYNN,3.2,12134,12519,3.7,58,5
XEL,-0.5,8159,8119,0.4,64,-4
XLB,0.6,8472,8522,-2.8,37,4
XLC,0.5,11281,11342,-1.3,43,4
XLE,0.3,8719,8741,0.3,50,1
XLF,0.3,5242,5260,-0.0,51,2
XLI,0.4,15261,15319,-0.2,50,2
XLK,0.4,29394,29508,1.2,54,1
XLP,-0.1,7598,7594,-2.8,30,0
XLRE,-0.0,4094,4093,-1.6,43,0
XLU,0.0,8883,8885,-1.9,48,0
XLV,0.4,14510,14566,0.9,69,2
XLY,1.2,23816,24106,1.7,58,4
XMMO,1.2,13478,13638,0.5,56,5
XOM,-0.4,11414,11371,0.1,52,-2
XP,2.3,1810,1852,7.6,63,5
XPO,-1.6,14066,13834,4.9,55,-3
XRAY,1.0,1249,1262,-0.5,49,5
XSD,3.1,32890,33900,-1.2,48,7
XYL,0.7,14969,15068,1.8,63,3
XYZ,1.5,7258,7365,-3.6,42,4
YETI,2.7,3250,3339,-2.1,44,9
YUM,-0.1,14955,14938,3.9,65,0
Z,0.0,7303,7303,-1.2,48,0
ZBH,-15.1,10318,8758,-12.3,26,-37
ZBRA,2.3,26035,26627,-7.3,36,5
ZG,0.3,6992,7013,-1.1,48,0
ZION,0.8,5145,5188,-0.7,45,2
ZM,-0.3,8383,8357,1.0,51,-1
ZS,-1.3,32830,32389,2.4,59,-4
ZTS,-3.2,12446,12049,-15.3,16,-2
